=== NER vs Baseline - SBERT - by Lang+Severity ===\nlang,severity,avg_similarity_baseline,avg_similarity_ner,delta
de,Critical,0.795,0.8458,0.0508
de,Major,0.7046,0.7746,0.07
de,Minor,0.7592,0.8312,0.0721
de,Neutral,0.8777,0.7612,-0.1165
es,Critical,0.7641,0.6137,-0.1505
es,Major,0.6896,0.6937,0.0041
es,Minor,0.7026,0.7388,0.0362
es,Neutral,0.7824,0.6485,-0.1339
fr,Critical,0.4641,0.3905,-0.0736
fr,Major,0.6772,0.7284,0.0511
fr,Minor,0.671,0.7279,0.0568
fr,Neutral,0.8437,0.7012,-0.1425
ru,Critical,0.5527,0.4639,-0.0888
ru,Major,0.6789,0.7819,0.103
ru,Minor,0.739,0.8169,0.0779
ru,Neutral,0.801,0.797,-0.004
zh-CN,Critical,0.7257,0.6773,-0.0484
zh-CN,Major,0.712,0.7096,-0.0024
zh-CN,Minor,0.6903,0.6654,-0.025
zh-CN,Neutral,0.7708,0.7665,-0.0042
\n=== NER vs Baseline - String Comparison - by Lang+Severity ===\nlang,severity,avg_f1_baseline,avg_f1_ner,delta_f1,avg_em_baseline,avg_em_ner,delta_em
de,Critical,0.6624,0.8183,0.156,0.5833,0.7333,0.15
de,Major,0.5514,0.6786,0.1272,0.3528,0.5305,0.1778
de,Minor,0.6238,0.7633,0.1395,0.397,0.6187,0.2216
de,Neutral,0.7651,0.7003,-0.0648,0.5368,0.5925,0.0557
es,Critical,0.5739,0.5352,-0.0387,0.2921,0.41,0.1179
es,Major,0.5352,0.5922,0.057,0.25,0.3469,0.0969
es,Minor,0.542,0.6715,0.1296,0.2606,0.5054,0.2449
es,Neutral,0.6542,0.6192,-0.035,0.332,0.497,0.165
fr,Critical,0.1065,0.2064,0.0998,0.0,0.0455,0.0455
fr,Major,0.527,0.6488,0.1219,0.2643,0.4316,0.1674
fr,Minor,0.4816,0.6549,0.1734,0.2607,0.4248,0.1641
fr,Neutral,0.6919,0.6392,-0.0526,0.4852,0.4717,-0.0135
ru,Critical,0.4353,0.4012,-0.034,0.15,0.2576,0.1076
ru,Major,0.4961,0.6772,0.1812,0.1486,0.505,0.3564
ru,Minor,0.5983,0.747,0.1487,0.335,0.5377,0.2027
ru,Neutral,0.653,0.712,0.0591,0.2998,0.4687,0.1689
zh-CN,Critical,0.5909,0.5861,-0.0048,0.5,0.4667,-0.0333
zh-CN,Major,0.4966,0.5957,0.0991,0.2044,0.3972,0.1928
zh-CN,Minor,0.5243,0.5579,0.0336,0.2175,0.3422,0.1247
zh-CN,Neutral,0.6131,0.6491,0.036,0.3454,0.466,0.1206
\n=== NER vs Baseline - SBERT - by Lang ===\nlang,avg_similarity_baseline,avg_similarity_ner,delta
de,0.6713,0.7858,0.1145
es,0.596,0.712,0.116
fr,0.608,0.71,0.102
ru,0.6077,0.7942,0.1866
zh-CN,0.5798,0.7123,0.1325
\n=== NER vs Baseline - String Comparison - by Lang ===\nlang,avg_f1_baseline,avg_f1_ner,delta_f1,avg_em_baseline,avg_em_ner,delta_em
de,0.5293,0.7085,0.1792,0.3724,0.5742,0.2018
es,0.4446,0.6501,0.2055,0.2353,0.4921,0.2568
fr,0.4318,0.64,0.2082,0.2577,0.443,0.1853
ru,0.4566,0.711,0.2545,0.2372,0.4801,0.2428
zh-CN,0.4008,0.6,0.1991,0.179,0.4,0.221
\n=== Direct-Prompting vs Baseline - SBERT - by Lang+Severity ===\nlang,severity,avg_similarity_baseline,avg_similarity_dp,delta
de,Critical,0.795,0.783,-0.012
de,Major,0.7046,0.7601,0.0555
de,Minor,0.7592,0.8055,0.0464
de,Neutral,0.8777,0.867,-0.0107
es,Critical,0.7641,0.7806,0.0165
es,Major,0.6896,0.781,0.0914
es,Minor,0.7026,0.7793,0.0767
es,Neutral,0.7824,0.842,0.0596
fr,Critical,0.4641,0.6265,0.1624
fr,Major,0.6772,0.7508,0.0736
fr,Minor,0.671,0.7241,0.0531
fr,Neutral,0.8437,0.8684,0.0247
ru,Critical,0.5527,0.5939,0.0411
ru,Major,0.6789,0.735,0.0561
ru,Minor,0.739,0.8182,0.0792
ru,Neutral,0.801,0.8439,0.0429
zh-CN,Critical,0.7257,0.8274,0.1017
zh-CN,Major,0.712,0.7641,0.052
zh-CN,Minor,0.6903,0.8065,0.1162
zh-CN,Neutral,0.7708,0.866,0.0952
\n=== Direct-Prompting vs Baseline - String Comparison - by Lang+Severity ===\nlang,severity,avg_f1_baseline,avg_f1_dp,delta_f1,avg_em_baseline,avg_em_dp,delta_em
de,Critical,0.6624,0.5211,-0.1413,0.5833,0.1667,-0.4167
de,Major,0.5514,0.5751,0.0237,0.3528,0.2402,-0.1126
de,Minor,0.6238,0.6547,0.0309,0.397,0.2431,-0.1539
de,Neutral,0.7651,0.7501,-0.015,0.5368,0.4353,-0.1015
es,Critical,0.5739,0.5775,0.0036,0.2921,0.2135,-0.0787
es,Major,0.5352,0.6095,0.0743,0.25,0.2083,-0.0417
es,Minor,0.542,0.6053,0.0633,0.2606,0.2361,-0.0244
es,Neutral,0.6542,0.7019,0.0477,0.332,0.2734,-0.0586
fr,Critical,0.1065,0.3391,0.2326,0.0,0.0,0.0
fr,Major,0.527,0.5583,0.0313,0.2643,0.1429,-0.1214
fr,Minor,0.4816,0.5241,0.0425,0.2607,0.1537,-0.107
fr,Neutral,0.6919,0.7056,0.0137,0.4852,0.3077,-0.1775
ru,Critical,0.4353,0.4587,0.0234,0.15,0.0,-0.15
ru,Major,0.4961,0.576,0.08,0.1486,0.0676,-0.0811
ru,Minor,0.5983,0.6506,0.0524,0.335,0.2462,-0.0888
ru,Neutral,0.653,0.6653,0.0123,0.2998,0.1482,-0.1516
zh-CN,Critical,0.5909,0.6746,0.0837,0.5,0.0,-0.5
zh-CN,Major,0.4966,0.5564,0.0597,0.2044,0.1258,-0.0786
zh-CN,Minor,0.5243,0.6113,0.087,0.2175,0.136,-0.0815
zh-CN,Neutral,0.6131,0.7047,0.0915,0.3454,0.2252,-0.1202
\n=== Direct-Prompting vs Baseline - SBERT - by Lang ===\nlang,avg_similarity_baseline,avg_similarity_dp,delta
de,0.6713,0.8039,0.1326
es,0.596,0.7957,0.1997
fr,0.608,0.7425,0.1345
ru,0.6077,0.7478,0.1401
zh-CN,0.5798,0.816,0.2362
\n=== Direct-Prompting vs Baseline - String Comparison - by Lang ===\nlang,avg_f1_baseline,avg_f1_dp,delta_f1,avg_em_baseline,avg_em_dp,delta_em
de,0.5293,0.6252,0.0959,0.3724,0.2713,-0.1011
es,0.4446,0.6236,0.1789,0.2353,0.2328,-0.0024
fr,0.4318,0.5318,0.1,0.2577,0.1511,-0.1066
ru,0.4566,0.5877,0.1311,0.2372,0.1155,-0.1218
zh-CN,0.4008,0.6367,0.2359,0.179,0.1217,-0.0572
